gurtufiza,adakite (rock-igneous)
suglaliza,andesite (rock-igneous)
geplikiza,alkali (rock-igneous)
drobiriza,anorthosite (rock-igneous)
krufaqiza,aplite (rock-igneous)
glezukiza,basalt (rock-igneous)
dabobiza,'a'a (rock-igneous)
mikliviza,pahoehoe (rock-igneous)
snoremiza,Basaltic trachyandesite (rock-igneous)
smuremiza,mugearite (rock-igneous)
gukidiza,shoshonite (rock-igneous)
srogegiza,basanite (rock-igneous)
nafkefiza,blairmorite (rock-igneous)
gerzoziza,boninite (rock-igneous)
mundidiza,carbonatite (rock-igneous)
hosteniza,charnockite (rock-igneous)
kablaziza,enderbite (rock-igneous)
bupotiza,dacite (rock-igneous)
nutotiza,diabase (rock-igneous)
vograniza,diorite (rock-igneous)
nagriziza,napoleonite (rock-igneous)
robondiza,dunite (rock-igneous)
hetrexiza,essexite (rock-igneous)
lenaspiza,foidolite (rock-igneous)
plifabiza,gabbro (rock-igneous)
vuwiftiza,granite (rock-igneous)
diftaniza,granodiorite (rock-igneous)
xasukiza,granophyre (rock-igneous)
gozirtiza,harzburgite (rock-igneous)
yuzendiza,hornblendite (rock-igneous)
xukridiza,hyaloclastite (rock-igneous)
tredagiza,icelandite (rock-igneous)
misrabiza,ignimbrite (rock-igneous)
foyagiza,ijolite (rock-igneous)
gonzixiza,kimberlite (rock-igneous)
hafkimiza,komatiite (rock-igneous)
grixufiza,lamproite (rock-igneous)
zayestiza,lamprophyre (rock-igneous)
sotxeriza,latite (rock-igneous)
klanaqiza,lherzolite (rock-igneous)
wegefkiza,monzogranite (rock-igneous)
druzaqiza,monzonite (rock-igneous)
homzadiza,nepheline syenite (rock-igneous)
dusneriza,nephelinite (rock-igneous)
yudartiza,norite (rock-igneous)
maflimiza,obsidian (rock-igneous)
brinabiza,pegmatite (rock-igneous)
sruvagiza,peridotite (rock-igneous)
lenzodiza,phonolite (rock-igneous)
yaruviza,phonotephrite (rock-igneous)
kluxaliza,picrite (rock-igneous)
xevandiza,porphyry (rock-igneous)
xumdugiza,pumice (rock-igneous)
vefogiza,pyroxenite (rock-igneous)
dasmiriza,quartzolite (rock-igneous)
drudomiza,rhyodacite (rock-igneous)
sraxoqiza,rhyolite (rock-igneous)
giftuxiza,comendite (rock-igneous)
gifeziza,pantellerite (rock-igneous)
lastudiza,scoria (rock-igneous)
flamumiza,shonkinite (rock-igneous)
basnadiza,sovite (rock-igneous)
sozdosiza,syenite (rock-igneous)
dufoqkiza,tachylyte (rock-igneous)
xirtagiza,tephriphonolite (rock-igneous)
mokixiza,tephrite (rock-igneous)
txivugiza,tonalite (rock-igneous)
rodraliza,trachyandesite (rock-igneous)
libaliza,benmoreite (rock-igneous)
voblogiza,trachybasalt (rock-igneous)
txezuxiza,hawaiite (rock-igneous)
remzubiza,trachyte (rock-igneous)
nuluriza,troctolite (rock-igneous)
mohastiza,trondhjemite (rock-igneous)
xikasiza,tuff (rock-igneous)
gloforiza,websterite (rock-igneous)
yorpogiza,wehrlite (rock-igneous)
bugroziza,anthracite (rock-metamorphic)
zevorpiza,amphibolite (rock-metamorphic)
rifastiza,blueschist (rock-metamorphic)
fusaniza,cataclasite (rock-metamorphic)
migoziza,eclogite (rock-metamorphic)
xurtaliza,gneiss (rock-metamorphic)
mehomiza,granulite (rock-metamorphic)
meklikiza,greenschist (rock-metamorphic)
zifortiza,hornfels (rock-metamorphic)
buftifiza,calcflinta (rock-metamorphic)
fulpuliza,litchfieldite (rock-metamorphic)
prumidiza,marble (rock-metamorphic)
bitriviza,migmatite (rock-metamorphic)
rexeziza,mylonite (rock-metamorphic)
dafkiriza,metapelite (rock-metamorphic)
guzospiza,metapsammite (rock-metamorphic)
vozestiza,phyllite (rock-metamorphic)
yinzuxiza,pseudotachylite (rock-metamorphic)
yuzabiza,quartzite (rock-metamorphic)
komzagiza,schist (rock-metamorphic)
bafkuliza,serpentinite (rock-metamorphic)
vislikiza,skarn (rock-metamorphic)
nifaniza,slate (rock-metamorphic)
favaxiza,suevite (rock-metamorphic)
dafospiza,talc carbonate (rock-metamorphic)
pesetiza,soapstone (rock-metamorphic)
grikusiza,tectonite (rock-metamorphic)
wegzakiza,whiteschist (rock-metamorphic)
maltuliza,adamellite (rock-metamorphic)
woqkaziza,appinite (rock-metamorphic)
drifaliza,aphanite (rock-metamorphic)
lofkefiza,borolanite (rock-metamorphic)
woblakiza,granite (rock-metamorphic)
xirzuziza,epidosite (rock-metamorphic)
spalufiza,felsite (rock-metamorphic)
txisefiza,flint (rock-metamorphic)
sridofiza,ganister (rock-metamorphic)
damefkiza,gossan (rock-metamorphic)
xerduziza,hyaloclastite (rock-metamorphic)
sustodiza,ijolite (rock-metamorphic)
kimzogiza,jadeitite (rock-metamorphic)
ruglesiza,jasperoid (rock-metamorphic)
weblexiza,kenyte (rock-metamorphic)
pesropiza,lapis lazuli (rock-metamorphic)
hohastiza,larvikite (rock-metamorphic)
sritopiza,litchfieldite (rock-metamorphic)
nofteniza,llanite (rock-metamorphic)
huberiza,luxullianite (rock-metamorphic)
hafodiza,mangerite (rock-metamorphic)
yitxikiza,minette (rock-metamorphic)
gertoviza,novaculite (rock-metamorphic)
dusmisiza,pietersite (rock-metamorphic)
finandiza,pyrolite (rock-metamorphic)
rulzudiza,rhomb porphyry (rock-metamorphic)
futroqiza,rodingite (rock-metamorphic)
sumzidiza,shonkinite (rock-metamorphic)
droluriza,taconite (rock-metamorphic)
rimespiza,tachylite (rock-metamorphic)
huvigiza,teschenite (rock-metamorphic)
purepiza,theralite (rock-metamorphic)
herdomiza,unakite (rock-metamorphic)
lorzediza,variolite (rock-metamorphic)
dinaliza,vogesite (rock-metamorphic)
klixosiza,wad (rock-metamorphic)
tradegiza,argillite (rock-sedimentary)
beblidiza,arkose (rock-sedimentary)
feqkariza,banded iron formation (rock-sedimentary)
fafkediza,breccia (rock-sedimentary)
xitrimiza,calcarenite (rock-sedimentary)
moplefiza,chalk (rock-sedimentary)
geqkegiza,chert (rock-sedimentary)
fitriviza,claystone (rock-sedimentary)
vofeviza,coal (rock-sedimentary)
kublukiza,conglomerate (rock-sedimentary)
difudiza,coquina (rock-sedimentary)
plunebiza,diamictite (rock-sedimentary)
fiserdiza,diatomite (rock-sedimentary)
zaftikiza,dolomite (rock-sedimentary)
kugroliza,evaporite (rock-sedimentary)
slamusiza,flint (rock-sedimentary)
hultubiza,geyserite (rock-sedimentary)
bimdibiza,greywacke (rock-sedimentary)
vetridiza,gritstone (rock-sedimentary)
txemisiza,itacolumite (rock-sedimentary)
gruxafiza,jaspillite (rock-sedimentary)
fisnusiza,laterite (rock-sedimentary)
boftadiza,lignite (rock-sedimentary)
kuyaltiza,limestone (rock-sedimentary)
blumabiza,marl (rock-sedimentary)
bableniza,mudstone (rock-sedimentary)
zalzukiza,oil shale (rock-sedimentary)
xabregiza,oolite (rock-sedimentary)
yeqkaviza,phosphorite (rock-sedimentary)
nusurdiza,sandstone (rock-sedimentary)
lafispiza,shale (rock-sedimentary)
warimiza,siltstone (rock-sedimentary)
brenebiza,sylvinite (rock-sedimentary)
xevaniza,tillite (rock-sedimentary)
niburpiza,travertine (rock-sedimentary)
wisteviza,tufa (rock-sedimentary)
negoziza,turbidite (rock-sedimentary)
hundobiza,wackestone (rock-sedimentary)
goxoltinta,abelsonite (mineral)
gizirinta,abenakiite-(ce) (mineral)
zaqimzinta,abernathyite (mineral)
murpuninta,abhurite (mineral)
hihuftinta,abramovite (mineral)
folasinta,abswurmbachite (mineral)
gayanzinta,acanthite (mineral)
nublebinta,achavalite (mineral)
rumdebinta,actinolite (mineral)
vofluzinta,acuminite (mineral)
xogluginta,adamantine spar (mineral)
surutxinta,adamite (mineral)
nolzulinta,adamsite-(y) (mineral)
tranizinta,adelite (mineral)
labibinta,admontite (mineral)
hiwamdinta,aegirine (mineral)
foflarinta,aenigmatite (mineral)
trakisinta,aerinite (mineral)
glupitinta,aerugite (mineral)
smukuqinta,aeschynite-(ce) (mineral)
radaminta,aeschynite-(nd) (mineral)
wekrufinta,aeschynite-(y) (mineral)
dremarinta,afghanite (mineral)
nesoqkinta,afwillite (mineral)
zozastinta,agardite (mineral)
flemirinta,agate (mineral)
spakuzinta,agrellite (mineral)
wexininta,agrinierite (mineral)
yepruqinta,aguilarite (mineral)
brimudinta,aheylite (mineral)
xotrusinta,ahlfeldite (mineral)
wuzurpinta,aikinite (mineral)
kefruzinta,ajoite (mineral)
homzolinta,akaganéite (mineral)
lobemdinta,akatoreite (mineral)
nimzofinta,akdalaite (mineral)
xandaqinta,akhtenskite (mineral)
sranudinta,akimotoite (mineral)
smodedinta,akrochordite (mineral)
wosraqinta,aksaite (mineral)
haqortinta,aktashite (mineral)
vradeginta,alabandite (mineral)
sifladinta,alabaster (mineral)
sisestinta,alacránite (mineral)
txudarinta,alamosite (mineral)
hipledinta,alarsite (mineral)
wetxexinta,albite (mineral)
prazuginta,albrechtschraufite (mineral)
nustuminta,aldermanite (mineral)
sunzosinta,aleksite (mineral)
hubaqkinta,alexandrite (mineral)
kubovinta,alforsite (mineral)
rofuzdinta,algodonite (mineral)
kertavinta,aliettite (mineral)
yuzibinta,allabogdanite (mineral)
navrikinta,allactite (mineral)
zedortinta,allanite (mineral)
kudroginta,allanpringite (mineral)
rovrekinta,allargentum (mineral)
zoslaqinta,alleghanyite (mineral)
rafefinta,allingite (mineral)
nerzaninta,alloclasite (mineral)
yanzezinta,alluaivite (mineral)
safredinta,alluaudite (mineral)
mwipapinta,almandine (mineral)
fasurpinta,almarudite (mineral)
geklurinta,alsakharovite-zn (mineral)
sonurinta,alstonite (mineral)
vuyolpinta,altaite (mineral)
yoxulzinta,althausite (mineral)
tutardinta,althupite (mineral)
gaverinta,altisite (mineral)
boqkominta,alum (mineral)
wuraqkinta,alum-(k) (mineral)
rufurzinta,aluminite (mineral)
keqkuxinta,aluminium (mineral)
dibofinta,alunite (mineral)
xmedefinta,alunogen (mineral)
mafalinta,amakinite (mineral)
kudaginta,amarantite (mineral)
priqeqinta,amazonite (mineral)
miburdinta,amblygonite (mineral)
lolzusinta,ameghinite (mineral)
guvibinta,amesite (mineral)
hufruninta,amethyst (mineral)
vruseginta,ametrine (mineral)
bablodinta,amicite (mineral)
budusinta,ammolite (mineral)
befindinta,amosite (mineral)
spofusinta,amphibole (mineral)
sahemzinta,analcime (mineral)
ravruzinta,anandite (mineral)
mozozinta,anapaite (mineral)
xofkovinta,anatase (mineral)
siyekinta,ancylite (mineral)
nolibinta,andalusite (mineral)
lalufinta,andersonite (mineral)
durtoxinta,andesine (mineral)
bapleninta,andorite (mineral)
kixordinta,andradite (mineral)
boskerinta,andyrobertsite (mineral)
spunudinta,anglesite (mineral)
xmuxukinta,anhydrite (mineral)
niwadinta,ankerite (mineral)
venzoqinta,annabergite (mineral)
glagizinta,annite (mineral)
gagultinta,anorthite (mineral)
vuprukinta,anorthoclase (mineral)
zugertinta,antarcticite (mineral)
nusigzinta,anthonyite (mineral)
rubladinta,anthophyllite (mineral)
nirodinta,antigorite (mineral)
debultinta,antimony (mineral)
susniminta,antitaenite (mineral)
vixifkinta,antlerite (mineral)
doprisinta,antozonite (mineral)
gitxuvinta,anyolite (mineral)
txuqeginta,apachite (mineral)
xegisinta,apatite (mineral)
pimupinta,aphthitalite (mineral)
fosneninta,apophyllite (mineral)
gurzexinta,aquamarine (mineral)
doblafinta,aragonite (mineral)
losiftinta,arcanite (mineral)
zoprukinta,archerite (mineral)
dusagzinta,arctite (mineral)
hukoxinta,arcubisite (mineral)
rotxerinta,ardaite (mineral)
smeduminta,arfvedsonite (mineral)
xuvaminta,argentite (mineral)
rofalzinta,argutite (mineral)
hafibinta,argyrodite (mineral)
vrugiminta,armalcolite (mineral)
gikliminta,arsenic (mineral)
bowurtinta,arseniosiderite (mineral)
sendadinta,arsenoclasite (mineral)
sruliminta,arsenolite (mineral)
xuzaninta,arsenopyrite (mineral)
nafralinta,arthurite (mineral)
bisnofinta,artinite (mineral)
hidrafinta,artroeite (mineral)
basmorinta,asbestos (mineral)
yagrolinta,ashburtonite (mineral)
vrudovinta,ashoverite (mineral)
xuvafinta,asisite (mineral)
hebolzinta,astrophyllite (mineral)
yekemdinta,atacamite (mineral)
niflusinta,athabascaite (mineral)
lindefinta,atheneite (mineral)
bifufkinta,aubertite (mineral)
traniqinta,auerlite (mineral)
gurterinta,augelite (mineral)
nindabinta,augite (mineral)
rimefinta,aurichalcite (mineral)
sonzininta,auricupride (mineral)
kixolinta,aurostibite (mineral)
meglalinta,austinite (mineral)
droqekinta,autunite (mineral)
hasasinta,avalite (mineral)
xefrixinta,aventurine (mineral)
zoblezinta,avicennite (mineral)
xmerininta,avogadrite (mineral)
plekaxinta,awaruite (mineral)
yoqkekinta,axinite (mineral)
faberzinta,azurite (mineral)
gekrosinta,babefphite (mineral)
yedruxinta,babingtonite (mineral)
sonomdinta,baddeleyite (mineral)
hugruxinta,bakerite (mineral)
gimekinta,balangeroite (mineral)
hesalinta,banalsite (mineral)
xultaxinta,bannisterite (mineral)
vragibinta,baotite (mineral)
guwaltinta,bararite (mineral)
fufamzinta,baratovite (mineral)
genzuginta,barbertonite (mineral)
yospivinta,barrerite (mineral)
vekultinta,barstowite (mineral)
kafluzinta,baryte (mineral)
sulzininta,barytocalcite (mineral)
hoskafinta,bassanite (mineral)
zalzikinta,bastnäsite (mineral)
miyurdinta,baumhauerite (mineral)
zoqkuxinta,bauxite (mineral)
hodaltinta,bayldonite (mineral)
wagalpinta,bayleyite (mineral)
klosavinta,bazzite (mineral)
legexinta,beckerite (mineral)
danigzinta,becquerelite (mineral)
meplusinta,benitoite (mineral)
doqkifinta,benstonite (mineral)
smananinta,bentonite (mineral)
spixavinta,bentorite (mineral)
floqoqinta,beraunite (mineral)
gexusinta,berborite (mineral)
zuqirdinta,bergenite (mineral)
koxaltinta,berlinite (mineral)
kuxmekinta,berryite (mineral)
besrobinta,berthierite (mineral)
modiqkinta,bertrandite (mineral)
gepraxinta,beryl (mineral)
smonosinta,beryllonite (mineral)
zesnoginta,beudantite (mineral)
rusirtinta,bicchulite (mineral)
foloqkinta,biehlite (mineral)
beyisinta,bilibinskite (mineral)
nehufkinta,billietite (mineral)
pobrupinta,billwiseite (mineral)
burogzinta,biotite (mineral)
higlominta,birnessite (mineral)
xamartinta,bischofite (mineral)
vurexinta,bismite (mineral)
yigrasinta,bismuth (mineral)
febluninta,bismuthinite (mineral)
vasizinta,bismutite (mineral)
glinedinta,bityite (mineral)
prudodinta,bixbite (mineral)
misinzinta,bixbyite (mineral)
lusertinta,blossite (mineral)
benardinta,blödite (mineral)
wotxizinta,bobfergusonite (mineral)
rotxosinta,boehmite (mineral)
gubozinta,boleite (mineral)
yidrexinta,boltwoodite (mineral)
yixistinta,bonaccordite (mineral)
hartuginta,boracite (mineral)
gekaqkinta,borax (mineral)
srisolinta,bornite (mineral)
xiyotxinta,botallackite (mineral)
xeskozinta,botryogen (mineral)
hahafinta,boulangerite (mineral)
grexisinta,bournonite (mineral)
prezuqinta,boussingaultite (mineral)
broxaginta,bowenite (mineral)
zoblixinta,bowieite (mineral)
moftusinta,braggite (mineral)
yefivinta,brammallite (mineral)
mwasaninta,brassite (mineral)
husolinta,braunite (mineral)
zuvebinta,brazilianite (mineral)
xeftikinta,breithauptite (mineral)
greveminta,brewsterite (mineral)
txesosinta,brezinaite (mineral)
merpodinta,brianite (mineral)
braqeqinta,brianyoungite (mineral)
romodinta,briartite (mineral)
sisirdinta,bridgmanite (mineral)
wahixinta,brochantite (mineral)
srebaninta,brockite (mineral)
xorzekinta,brokenhillite (mineral)
pitandinta,bromargyrite (mineral)
mivekinta,bromellite (mineral)
trusiqinta,bronzite (mineral)
ludrifinta,brookite (mineral)
luflibinta,brownleeite (mineral)
fenifinta,brownmillerite (mineral)
hihifinta,brucite (mineral)
yimdevinta,brushite (mineral)
susirtinta,buddingtonite (mineral)
duhinzinta,buergerite (mineral)
watxivinta,bukovite (mineral)
yexmuqinta,bukovskyite (mineral)
dosrabinta,bultfonteinite (mineral)
nederdinta,bunsenite (mineral)
humuminta,bursaite (mineral)
debifkinta,bustamite (mineral)
nanaftinta,bystrite (mineral)
twisarinta,bytownite (mineral)
suharzinta,bílinite (mineral)
gazaskinta,cabalzarite (mineral)
hewefkinta,cabriite (mineral)
zumzeginta,cacoxenite (mineral)
hatrivinta,cadmium (mineral)
vaklosinta,cadmoindite (mineral)
seftibinta,cadmoselite (mineral)
vakurpinta,cadwaladerite (mineral)
txufeninta,cafarsite (mineral)
gavuqkinta,cafetite (mineral)
blebefinta,cahnite (mineral)
spalorinta,calaverite (mineral)
lisoftinta,calciborite (mineral)
vurzaqinta,calcite (mineral)
blifalinta,calderite (mineral)
hirzofinta,caledonite (mineral)
xekerpinta,calumetite (mineral)
vakliminta,campigliaite (mineral)
dereftinta,campylite (mineral)
xakaninta,canasite (mineral)
vaslexinta,canavesite (mineral)
xmakiginta,cancrinite (mineral)
pluqexinta,canfieldite (mineral)
zivisinta,carletonite (mineral)
merdurinta,carlosruizite (mineral)
perpapinta,carlsbergite (mineral)
vikrofinta,carminite (mineral)
nubastinta,carnallite (mineral)
worezdinta,carnelian (mineral)
nofedinta,carnotite (mineral)
twamalinta,carobbiite (mineral)
wokrufinta,carpathite (mineral)
frimadinta,carpholite (mineral)
wozuqkinta,carrollite (mineral)
yotxuvinta,caryopilite (mineral)
drofuninta,cassiterite (mineral)
ruvovinta,cattierite (mineral)
kuftazinta,cavansite (mineral)
vagziginta,celadonite (mineral)
befkaninta,celestine (mineral)
miblubinta,celsian (mineral)
smenalinta,cementite (mineral)
sifegzinta,cerite (mineral)
noyoxinta,cerium (mineral)
yeqiskinta,cerussite (mineral)
direninta,cervandonite (mineral)
xmebubinta,cervantite (mineral)
geqiftinta,cesanite (mineral)
fimestinta,cesbronite (mineral)
slemufinta,ceylonite (mineral)
hasaninta,chabazite (mineral)
sunamdinta,chaidamuite (mineral)
xezdizinta,chalcanthite (mineral)
kidreginta,chalcedony (mineral)
vixalinta,chalcocite (mineral)
deglininta,chalconatronite (mineral)
lefluninta,chalcophyllite (mineral)
klaqasinta,chalcopyrite (mineral)
yavefinta,challacolloite (mineral)
nazduninta,chambersite (mineral)
roduskinta,chamosite (mineral)
wokutxinta,changbaiite (mineral)
vasnukinta,chaoite (mineral)
nomzibinta,chapmanite (mineral)
zedrezinta,charlesite (mineral)
siyominta,charoite (mineral)
zaxundinta,chatkalite (mineral)
togzipinta,chesterite (mineral)
vramuginta,chiastolite (mineral)
dondefinta,chibaite (mineral)
domurdinta,childrenite (mineral)
sostarinta,chiolite (mineral)
dovrixinta,chlorargyrite (mineral)
nibladinta,chlorastrolite (mineral)
fledulinta,chlorite (mineral)
leharinta,chloritoid (mineral)
haklavinta,chlormayenite (mineral)
flesesinta,chlorocalcite (mineral)
balzuminta,chloroxiphite (mineral)
spegikinta,chondrodite (mineral)
yetxuginta,chrisstanleyite (mineral)
nusirdinta,christite (mineral)
ximzuxinta,chromite (mineral)
diwefkinta,chromium (mineral)
lunzadinta,chrysoberyl (mineral)
rubleminta,chrysocolla (mineral)
ramdisinta,chrysoprase (mineral)
fuforinta,chrysotile (mineral)
surtevinta,chvaleticeite (mineral)
plixiginta,cinnabar (mineral)
flusudinta,citrine (mineral)
humderinta,clarkeite (mineral)
yixuninta,claudetite (mineral)
foholtinta,clausthalite (mineral)
buprebinta,clearcreekite (mineral)
nosralinta,cleusonite (mineral)
trixodinta,cleveite (mineral)
vixenzinta,clinochrysotile (mineral)
musnadinta,clinoclase (mineral)
vokurdinta,clinohedrite (mineral)
guhuvinta,clinohumite (mineral)
bovreginta,clinoptilolite (mineral)
hogzurinta,clinozoisite (mineral)
dariftinta,clintonite (mineral)
kixertinta,cobaltite (mineral)
yoyoninta,coccinite (mineral)
dogekinta,coconinoite (mineral)
rawitxinta,coesite (mineral)
hagladinta,coffinite (mineral)
huberzinta,cohenite (mineral)
monazdinta,colemanite (mineral)
xmozaqinta,colimaite (mineral)
lebeqkinta,collinsite (mineral)
swagerinta,coloradoite (mineral)
frufidinta,coltan (mineral)
yorpoginta,columbite (mineral)
nigrexinta,combeite (mineral)
nomagzinta,conichalcite (mineral)
twefefinta,connellite (mineral)
yoqkuxinta,cooperite (mineral)
liftulinta,copiapite (mineral)
gluqiginta,copper (mineral)
xowolzinta,corderoite (mineral)
sasaqkinta,cordierite (mineral)
lohebinta,corkite (mineral)
lendifinta,cornubite (mineral)
mulubinta,cornwallite (mineral)
lesrudinta,corundum (mineral)
sofibinta,cotunnite (mineral)
favekinta,covellite (mineral)
gayoftinta,coyoteite (mineral)
blevoginta,creedite (mineral)
boduftinta,cristobalite (mineral)
ralidinta,crocidolite (mineral)
wafuginta,crocoite (mineral)
dixmifinta,cronstedtite (mineral)
zeqkivinta,crookesite (mineral)
tolotinta,crossite (mineral)
sranobinta,cryolite (mineral)
soferzinta,cryptomelane (mineral)
xogofinta,cubanite (mineral)
xaxmoginta,cumengeite (mineral)
ruxmoninta,cummingtonite (mineral)
glonisinta,cupalite (mineral)
gozirdinta,cuprite (mineral)
klulezinta,cuprosklodowskite (mineral)
yazalpinta,cuprospinel (mineral)
plekeqinta,curite (mineral)
tapemzinta,cuspidine (mineral)
kuskixinta,cyanotrichite (mineral)
nasmadinta,cylindrite (mineral)
fasperinta,cymophane (mineral)
siflobinta,cymrite (mineral)
frivuzinta,cyrilovite (mineral)
galpuxinta,danalite (mineral)
porapinta,danburite (mineral)
fobarpinta,datolite (mineral)
ligzodinta,daubréeite (mineral)
negartinta,daubréelite (mineral)
gaskoginta,davemaoite (mineral)
seslurinta,davidite (mineral)
muvokinta,dawsonite (mineral)
difinzinta,delafossite (mineral)
duplefinta,delessite (mineral)
vuhezinta,delvauxite (mineral)
plodosinta,demesmaekerite (mineral)
fafiqkinta,derriksite (mineral)
dixortinta,descloizite (mineral)
blevazinta,devilline (mineral)
gaprovinta,diaboleite (mineral)
sutxirinta,diadochite (mineral)
dosnebinta,diamond (mineral)
krimovinta,diaspore (mineral)
seradinta,dickite (mineral)
hugzosinta,digenite (mineral)
bamdoninta,dimorphite (mineral)
hifamdinta,diopside (mineral)
fusludinta,dioptase (mineral)
slirodinta,djerfisherite (mineral)
gliralinta,djurleite (mineral)
wendokinta,dmitryivanovite (mineral)
zepruzinta,dollaseite-(ce) (mineral)
rebesinta,dolomite (mineral)
vikotxinta,domeykite (mineral)
tomzetinta,donnayite-(y) (mineral)
lanirinta,doyleite (mineral)
kafrokinta,dresserite (mineral)
fromabinta,drysdallite (mineral)
midespinta,duftite (mineral)
xegrisinta,dumortierite (mineral)
prixevinta,dundasite (mineral)
gowuskinta,dypingite (mineral)
sedemzinta,dyscrasite (mineral)
mirzusinta,dzhalindite (mineral)
siyuninta,edenite (mineral)
liqortinta,edingtonite (mineral)
deguxinta,edscottite (mineral)
hirespinta,efremovite (mineral)
frosirinta,ekanite (mineral)
hihorpinta,elbaite (mineral)
muftufinta,elsmoreite (mineral)
kluxoninta,emerald (mineral)
yiyuzinta,emmonsite (mineral)
dabirpinta,empressite (mineral)
gloxuxinta,enargite (mineral)
muguxinta,enstatite (mineral)
ludurzinta,eosphorite (mineral)
driqovinta,ephesite (mineral)
krasiginta,epidote (mineral)
vrenuvinta,epsomite (mineral)
dinerpinta,ericssonite (mineral)
xiyogzinta,erionite (mineral)
dakuvinta,erythrite (mineral)
zulzeginta,eskolaite (mineral)
xultavinta,esperite (mineral)
mesiftinta,ettringite (mineral)
respedinta,euchlorine (mineral)
wogemzinta,euchroite (mineral)
txuxozinta,euclase (mineral)
krekudinta,eucryptite (mineral)
vrulaxinta,eudialyte (mineral)
fesmaninta,eudialyte group (mineral)
luxaxinta,euxenite-(y) (mineral)
vostuginta,eveite (mineral)
kardiqinta,evenkite (mineral)
kakorpinta,eveslogite (mineral)
lovizinta,fabianite (mineral)
tepimdinta,farneseite (mineral)
spudirinta,fassaite (mineral)
faltesinta,faujasite (mineral)
wezurdinta,faustite (mineral)
saglosinta,fayalite (mineral)
linindinta,feldspar (mineral)
wuwemdinta,feldspathoid (mineral)
blafuminta,felsőbányaite (mineral)
faftosinta,ferberite (mineral)
grufekinta,fergusonite (mineral)
hefladinta,feroxyhyte (mineral)
kiflukinta,ferrierite (mineral)
papeskinta,ferrihydrite (mineral)
tramezinta,ferrimolybdite (mineral)
xazdaginta,ferro-actinolite (mineral)
xundiqinta,ferrocolumbite (mineral)
nagzominta,ferrogedrite (mineral)
dosmorinta,ferrohortonolite (mineral)
yimzeginta,ferronigerite-2n1s (mineral)
posmepinta,ferropericlase (mineral)
masidinta,ferroselite (mineral)
xuslikinta,ferrotantalite (mineral)
twiqevinta,fettelite (mineral)
snubuninta,fichtelite (mineral)
wemdexinta,fingerite (mineral)
viyiginta,fletcherite (mineral)
farospinta,fluckite (mineral)
serpeminta,fluellite (mineral)
pledodinta,fluoborite (mineral)
bizoginta,fluocerite (mineral)
vrameqinta,fluor-buergerite (mineral)
luwavinta,fluor-liddicoatite (mineral)
nefloninta,fluor-uvite (mineral)
gokugzinta,fluorapatite (mineral)
vuqkuvinta,fluorapophyllite (mineral)
wegliginta,fluorcanasite (mineral)
vregeminta,fluorcaphite (mineral)
flizazinta,fluorellestadite (mineral)
lafkulinta,fluorite (mineral)
doblubinta,fluororichterite (mineral)
yirzaginta,fluorspar (mineral)
prumidinta,fornacite (mineral)
keqozdinta,forsterite (mineral)
druqovinta,fougèrite (mineral)
nespifinta,fourmarierite (mineral)
fiqkibinta,fraipontite (mineral)
wabuvinta,francevillite (mineral)
fatxalinta,franckeite (mineral)
guzdokinta,francolite (mineral)
bimdosinta,frankamenite (mineral)
benagzinta,frankdicksonite (mineral)
rondirinta,frankhawthorneite (mineral)
nesnininta,franklinite (mineral)
kikugzinta,franklinphilite (mineral)
xexespinta,freibergite (mineral)
foskodinta,freieslebenite (mineral)
datxolinta,fukuchilite (mineral)
guxafkinta,gabrielite (mineral)
levikinta,gadolinite (mineral)
xudruxinta,gagarinite-(ce) (mineral)
sruzevinta,gahnite (mineral)
kupriginta,galaxite (mineral)
woqirdinta,galena (mineral)
guxitxinta,galkhaite (mineral)
txafifinta,gananite (mineral)
saprulinta,ganophyllite (mineral)
defuqkinta,garnet (mineral)
mesmisinta,garnierite (mineral)
hexortinta,gaspeite (mineral)
tupundinta,gatehouseite (mineral)
zexmazinta,gaylussite (mineral)
nekleqinta,gedanite (mineral)
bonderinta,gedrite (mineral)
smimerinta,geerite (mineral)
haglebinta,gehlenite (mineral)
yalukinta,geigerite (mineral)
bidusinta,geikielite (mineral)
flesubinta,gembone (mineral)
mohustinta,geocronite (mineral)
vobluzinta,georgerobinsonite (mineral)
worpofinta,germanite (mineral)
gortarinta,gersdorffite (mineral)
gibreginta,getchellite (mineral)
futxodinta,gibbsite (mineral)
gutxaxinta,gilalite (mineral)
smeqozinta,gismondine (mineral)
smimifinta,glauberite (mineral)
vawagzinta,glaucochroite (mineral)
fetxeminta,glaucodot (mineral)
doflalinta,glauconite (mineral)
vogisinta,glaucophane (mineral)
holpadinta,glessite (mineral)
vusrekinta,gmelinite (mineral)
bimulinta,godovikovite (mineral)
zuslekinta,goethite (mineral)
sroqeqinta,gold (mineral)
dumoltinta,goldmanite (mineral)
rihespinta,gonnardite (mineral)
sixmorinta,gordaite (mineral)
vukurzinta,gormanite (mineral)
dudreminta,goshenite (mineral)
vixostinta,goslarite (mineral)
kivominta,graftonite (mineral)
befkirinta,grandidierite (mineral)
rohufinta,grandreefite (mineral)
srunadinta,graphite (mineral)
sogrokinta,gratonite (mineral)
komekinta,greenalite (mineral)
mirzurinta,greenockite (mineral)
yuplovinta,gregoryite (mineral)
xurpukinta,greifensteinite (mineral)
diwaninta,greigite (mineral)
snoxaxinta,grossite (mineral)
mofudinta,grossular (mineral)
renzobinta,groutite (mineral)
glagiqinta,grunerite (mineral)
kovorpinta,guettardite (mineral)
darendinta,gugiaite (mineral)
txirofinta,guilleminite (mineral)
borzabinta,gunningite (mineral)
bebroninta,guyanaite (mineral)
ruqkurinta,gwihabaite (mineral)
xaglexinta,gypsum (mineral)
tospotinta,hafnon (mineral)
metupinta,hagendorfite (mineral)
lusmabinta,haggertyite (mineral)
dinzeninta,haidingerite (mineral)
plofusinta,haiweeite (mineral)
maspulinta,halite (mineral)
flikizinta,halloysite (mineral)
deriskinta,halotrichite (mineral)
guvalpinta,hambergite (mineral)
prebedinta,hanksite (mineral)
nuzdurinta,hapkeite (mineral)
xmosuninta,hardystonite (mineral)
lanomzinta,harmotome (mineral)
hulzufinta,hatchettite (mineral)
zuzirdinta,hauerite (mineral)
durporinta,hausmannite (mineral)
suxmeninta,hauyne (mineral)
babodinta,hawleyite (mineral)
valtaginta,haxonite (mineral)
siyirpinta,hazenite (mineral)
sninalinta,heazlewoodite (mineral)
fablabinta,hectorite (mineral)
gekendinta,hedenbergite (mineral)
slukeqinta,heliodor (mineral)
prigoxinta,heliotrope (mineral)
netxabinta,hellyerite (mineral)
sordifinta,hematite (mineral)
fedeninta,hemihedrite (mineral)
fulzafinta,hemimorphite (mineral)
doltalinta,hemusite (mineral)
ruzduninta,hendricksite (mineral)
vixerinta,heptasartorite (mineral)
sulpudinta,herbertsmithite (mineral)
magrekinta,hercynite (mineral)
fislirinta,herderite (mineral)
zizalzinta,hermannjahnite (mineral)
zuyuqkinta,hessite (mineral)
blekokinta,hessonite (mineral)
domenzinta,heulandite (mineral)
gagrodinta,hexaferrum (mineral)
feyusinta,hibonite (mineral)
neslominta,hidalgoite (mineral)
dusulinta,hiddenite (mineral)
yifrokinta,hilgardite (mineral)
borutxinta,hisingerite (mineral)
yemzoqinta,hiärneite (mineral)
gukurpinta,hodgkinsonite (mineral)
kiquspinta,hoelite (mineral)
henitxinta,hollandite (mineral)
snadabinta,holmquistite (mineral)
ludetxinta,homilite (mineral)
fezdolinta,hopeite (mineral)
hosardinta,hornblende (mineral)
niredinta,howlite (mineral)
zamzikinta,hsianghualite (mineral)
kezisinta,hubeite (mineral)
vivruminta,huemulite (mineral)
trugosinta,humite (mineral)
vusmeqinta,huntite (mineral)
hinerdinta,hureaulite (mineral)
sisparinta,hutchinsonite (mineral)
walzavinta,huttonite (mineral)
haqkosinta,hyalite (mineral)
spovoginta,hyalophane (mineral)
fritupinta,hydroboracite (mineral)
blomadinta,hydrogrossular (mineral)
nifanzinta,hydrohalite (mineral)
wutxaxinta,hydrokenoelsmoreite (mineral)
krumikinta,hydromagnesite (mineral)
sasiqkinta,hydrotalcite (mineral)
batxedinta,hydroxylapatite (mineral)
xoskavinta,hydrozincite (mineral)
saklazinta,hypersthene (mineral)
xuqezdinta,håleniusite-(la) (mineral)
xidruxinta,hübnerite (mineral)
pimdipinta,ianbruceite (mineral)
swafivinta,ichnusaite (mineral)
sloborinta,icosahedrite (mineral)
leglalinta,idocrase (mineral)
hasemzinta,idrialite (mineral)
mogzeminta,ikaite (mineral)
binoltinta,illite (mineral)
hetroginta,ilmenite (mineral)
bohirzinta,ilvaite (mineral)
lendafinta,imogolite (mineral)
dumzaninta,inderite (mineral)
debondinta,indite (mineral)
gobriginta,indium (mineral)
korzuzinta,inyoite (mineral)
ginovinta,iodargyrite (mineral)
munurzinta,iolite (mineral)
vugruminta,iranite (mineral)
vekimdinta,iridium (mineral)
vinzuzinta,iron (mineral)
hudobinta,ixiolite (mineral)
vikeminta,jacobsite (mineral)
smenerinta,jadarite (mineral)
zurpixinta,jade (mineral)
fridodinta,jadeite (mineral)
bosiftinta,jaffeite (mineral)
sifredinta,jalpaite (mineral)
hurdoninta,jamesonite (mineral)
xmidiminta,janggunite (mineral)
nagzolinta,jarosewichite (mineral)
lisrafinta,jarosite (mineral)
dastesinta,jasper (mineral)
hablorinta,jeffersonite (mineral)
biwaminta,jennite (mineral)
nofuminta,jeremejevite (mineral)
nakrokinta,jerrygibbsite (mineral)
zaduxinta,jimthompsonite (mineral)
wugrabinta,johannite (mineral)
zukrubinta,jolliffeite (mineral)
livrivinta,jonesite (mineral)
kirtikinta,jordanite (mineral)
fiplafinta,julgoldite (mineral)
blinaninta,junitoite (mineral)
vokrufinta,jurbanite (mineral)
munirpinta,kaatialaite (mineral)
zizendinta,kadyrelite (mineral)
xardaxinta,kaersutite (mineral)
firzofinta,kainite (mineral)
dosroninta,kainosite-(y) (mineral)
nusoskinta,kalininite (mineral)
poripinta,kalinite (mineral)
nitxominta,kalsilite (mineral)
yifukinta,kamacite (mineral)
nefkufinta,kambaldaite (mineral)
fumuzdinta,kamiokite (mineral)
hadreninta,kampfite (mineral)
kakufinta,kanoite (mineral)
badarpinta,kaolinite (mineral)
lifloninta,karlite (mineral)
xavrafinta,kassite (mineral)
behadinta,katayamalite (mineral)
livozinta,kazakovite (mineral)
fugaxinta,kaňkite (mineral)
zevulinta,kegelite (mineral)
reninzinta,keilhauite (mineral)
fofkolinta,keilite (mineral)
druvuginta,kenhsuite (mineral)
koximzinta,kermesite (mineral)
nemumdinta,kernite (mineral)
smasurinta,kerolite (mineral)
slozuqinta,kesterite (mineral)
wukozdinta,keyite (mineral)
blesesinta,khatyrkite (mineral)
drabedinta,kieserite (mineral)
baqkabinta,kinoite (mineral)
gerpezinta,kleinite (mineral)
weqimzinta,knebelite (mineral)
hisozdinta,knorringite (mineral)
nedolinta,kobellite (mineral)
twafiminta,kochite (mineral)
dehirdinta,kogarkoite (mineral)
huspiminta,kolbeckite (mineral)
fefunzinta,kornerupine (mineral)
duheqkinta,kosmochlor (mineral)
flofeminta,kostovite (mineral)
mogortinta,kovdorskite (mineral)
wagzeqinta,krantzite (mineral)
nafrafinta,kratochvílite (mineral)
vreqerinta,kremersite (mineral)
txereninta,krennerite (mineral)
rabininta,krieselite (mineral)
sanibinta,krotite (mineral)
klirexinta,krut'aite (mineral)
ruxoginta,krutovite (mineral)
vokoskinta,kröhnkite (mineral)
goftikinta,kukharenkoite-(ce) (mineral)
konoxinta,kunzite (mineral)
yuyalzinta,kuratite (mineral)
yaqimdinta,kurnakovite (mineral)
sorzirinta,kutnohorite (mineral)
snabebinta,kyanite (mineral)
xostixinta,köttigite (mineral)
ladrufinta,labradorite (mineral)
gukraninta,lanarkite (mineral)
gindevinta,langbeinite (mineral)
mosedinta,langite (mineral)
giqirpinta,lansfordite (mineral)
fuzdafinta,lanthanite (mineral)
horaminta,laplandite-(ce) (mineral)
miriskinta,larimar (mineral)
frolorinta,larnite (mineral)
guflozinta,laumontite (mineral)
zunaginta,laurionite (mineral)
xizadinta,laurite (mineral)
figravinta,lautenthalite (mineral)
glaleminta,lautite (mineral)
rofirtinta,lavendulan (mineral)
pefkitinta,lawsonite (mineral)
sefenzinta,lazulite (mineral)
reflosinta,lazurite (mineral)
gupluxinta,lead (mineral)
gertaqinta,leadhillite (mineral)
blumalinta,legrandite (mineral)
zaflovinta,leifite (mineral)
fuglininta,leightonite (mineral)
sirostinta,lepidocrocite (mineral)
sigikinta,lepidolite (mineral)
hafkosinta,letovicite (mineral)
diwustinta,leucite (mineral)
zukigzinta,leucophanite (mineral)
yaqurdinta,leucophoenicite (mineral)
zispoginta,libethenite (mineral)
brefubinta,liebigite (mineral)
twarefinta,lignite (mineral)
rimdadinta,linarite (mineral)
nidostinta,lindgrenite (mineral)
besostinta,linnaeite (mineral)
klufeqinta,lipscombite (mineral)
ruzdobinta,liroconite (mineral)
danenzinta,litharge (mineral)
babimzinta,lithiophilite (mineral)
raqkeminta,livingstonite (mineral)
plurofinta,lizardite (mineral)
xiqofkinta,lodestone (mineral)
samirinta,loellingite (mineral)
slufuninta,lonsdaleite (mineral)
glikezinta,loparite-(ce) (mineral)
durdeminta,lorenzenite (mineral)
vrunexinta,lorándite (mineral)
dixmoninta,loveringite (mineral)
romzabinta,lublinite (mineral)
keqarpinta,ludlamite (mineral)
bultibinta,ludwigite (mineral)
mabrisinta,lulzacite (mineral)
riblirinta,lyonsite (mineral)
ninzufinta,lévyne (mineral)
nubefkinta,lópezite (mineral)
yikeninta,macaulayite (mineral)
goyirtinta,macdonaldite (mineral)
prikekinta,mackinawite (mineral)
ruheqkinta,madocite (mineral)
hamestinta,magadiite (mineral)
legakinta,maghemite (mineral)
foyivinta,magnesia (mineral)
brakekinta,magnesiocummingtonite (mineral)
numzolinta,magnesioferrite (mineral)
trogidinta,magnesiohastingsite (mineral)
maxokinta,magnesiopascoite (mineral)
fitrivinta,magnesite (mineral)
flevuqinta,magnetite (mineral)
gimdavinta,majorite (mineral)
srixaginta,malachite (mineral)
hoqkurinta,malacolite (mineral)
bodaminta,malayaite (mineral)
honzafinta,manganite (mineral)
butxosinta,manganocolumbite (mineral)
sweziminta,manganophyllite (mineral)
ruliskinta,manganosite (mineral)
yefrukinta,manganotantalite (mineral)
slanafinta,manganvesuvianite (mineral)
vavifinta,mansfieldite (mineral)
bidredinta,marcasite (mineral)
xanukinta,margaritasite (mineral)
diwindinta,margarite (mineral)
srititinta,marialite (mineral)
larpobinta,maricite (mineral)
zozandinta,mariposite (mineral)
bivreqinta,marrite (mineral)
lefrubinta,marthozite (mineral)
navovinta,mascagnite (mineral)
txenibinta,massicot (mineral)
husiskinta,masuyite (mineral)
vrevininta,mathesiusite (mineral)
snobodinta,matlockite (mineral)
foramdinta,maucherite (mineral)
vasrivinta,mawsonite (mineral)
sohorpinta,mckelveyite-(y) (mineral)
webloxinta,meerschaum (mineral)
geproqinta,meionite (mineral)
siftadinta,melanite (mineral)
fardabinta,melanophlogite (mineral)
dahuninta,melanterite (mineral)
wexoftinta,melilite (mineral)
yifruginta,mellite (mineral)
fuftorinta,melonite (mineral)
wuplezinta,mendipite (mineral)
smagixinta,mendozite (mineral)
klenixinta,meneghinite (mineral)
kimzuzinta,menilite (mineral)
sulpisinta,mercury (mineral)
yizdaqinta,mereheadite (mineral)
vovomdinta,merenskyite (mineral)
sewuftinta,meridianiite (mineral)
dramalinta,merrillite (mineral)
pifropinta,mesolite (mineral)
gubekinta,messelite (mineral)
wozdaqinta,metacinnabar (mineral)
krebiginta,metatorbernite (mineral)
xigziginta,metazeunerite (mineral)
gevespinta,meyerhofferite (mineral)
vekestinta,miargyrite (mineral)
xebrixinta,mica (mineral)
bafkiminta,microcline (mineral)
wefortinta,microlite (mineral)
snamidinta,miguelromeroite (mineral)
dalaskinta,milky quartz (mineral)
bogukinta,millerite (mineral)
lemolpinta,millosevichite (mineral)
vozispinta,mimetite (mineral)
vaxibinta,minium (mineral)
lenoninta,minnesotaite (mineral)
twigixinta,minyulite (mineral)
dufemzinta,mirabilite (mineral)
flezavinta,mixite (mineral)
fufufkinta,moganite (mineral)
nosogzinta,mohite (mineral)
plirisinta,mohrite (mineral)
sibominta,moissanite (mineral)
verpaxinta,molybdenite (mineral)
hukrovinta,molybdite (mineral)
neprolinta,monazite (mineral)
kunurtinta,monohydrocalcite (mineral)
baqkufinta,monticellite (mineral)
sesnadinta,montmorillonite (mineral)
lodulpinta,mooihoekite (mineral)
lidemzinta,moolooite (mineral)
dosespinta,mordenite (mineral)
xasreqinta,morganite (mineral)
wokaqkinta,moschellandsbergite (mineral)
xevrebinta,mosesite (mineral)
hoderpinta,mottramite (mineral)
gagaltinta,motukoreaite (mineral)
kiyalpinta,mullite (mineral)
hibutxinta,mundite (mineral)
yafkeginta,murdochite (mineral)
kuvuninta,muscovite (mineral)
gerezinta,musgravite (mineral)
gregusinta,nabalamprophyllite (mineral)
lurdifinta,nabesite (mineral)
begzidinta,nacrite (mineral)
bubosinta,nadorite (mineral)
snufobinta,nagyágite (mineral)
kladeginta,nahcolite (mineral)
kumdaqinta,naldrettite (mineral)
gaftoqinta,nambulite (mineral)
misladinta,narsarsukite (mineral)
gozondinta,native copper (mineral)
vuqunzinta,natrolite (mineral)
troxebinta,natron (mineral)
lustuninta,natrophilite (mineral)
falosinta,nekrasovite (mineral)
yaklisinta,nelenite (mineral)
bafonzinta,nenadkevichite (mineral)
xordazinta,nepheline (mineral)
profibinta,nephrite (mineral)
glaqavinta,neptunite (mineral)
xuglizinta,nichromite (mineral)
sosmifinta,nickel (mineral)
wuzurzinta,nickeline (mineral)
kestexinta,niedermayrite (mineral)
ranigzinta,niningerite (mineral)
xmomoninta,niobite (mineral)
kekridinta,niobite-tantalite (mineral)
mifliminta,nissonite (mineral)
begzeminta,niter (mineral)
totundinta,nitratine (mineral)
nifkurinta,nobleite (mineral)
benzubinta,nontronite (mineral)
kagzuqinta,norbergite (mineral)
krafoxinta,normandite (mineral)
dedrufinta,northupite (mineral)
lisiskinta,nosean (mineral)
gliruminta,nsutite (mineral)
fralominta,nuragheite (mineral)
rehafinta,nyerereite (mineral)
gartalinta,népouite (mineral)
pluliminta,okenite (mineral)
zemiginta,oldhamite (mineral)
doxaginta,olgite (mineral)
medirdinta,oligoclase (mineral)
maspubinta,olivenite (mineral)
vragalinta,olivine (mineral)
yirpoqinta,omphacite (mineral)
spaxixinta,oneillite (mineral)
susulzinta,onyx (mineral)
txarefinta,oosterboschite (mineral)
patomdinta,oppenheimerite (mineral)
vigzavinta,ordóñezite (mineral)
yuzostinta,oregonite (mineral)
vizdivinta,orpiment (mineral)
difistinta,orthochrysotile (mineral)
bigzifinta,orthoclase (mineral)
vafreginta,osarizawaite (mineral)
xukrobinta,osmium (mineral)
suvrizinta,osumilite (mineral)
sebafinta,otavite (mineral)
gohoginta,ottrelite (mineral)
hirdafinta,otwayite (mineral)
miyardinta,pabstite (mineral)
muspafinta,painite (mineral)
puponzinta,palladium (mineral)
yozarzinta,palygorskite (mineral)
slerominta,panethite (mineral)
kezastinta,panguite (mineral)
zeviminta,papagoite (mineral)
fupliminta,parachrysotile (mineral)
girduxinta,paragonite (mineral)
vendaginta,paralaurionite (mineral)
ritotinta,paramelaconite (mineral)
fluxaginta,pararealgar (mineral)
luvraginta,paravauxite (mineral)
drulalinta,pargasite (mineral)
hogrexinta,parisite-(ce) (mineral)
gaxuzdinta,parsonsite (mineral)
sesarinta,parthéite (mineral)
dalzaninta,pascoite (mineral)
wortalinta,patrónite (mineral)
lusnominta,paulingite (mineral)
ziyutxinta,paulscherrerite (mineral)
noxmaninta,pearceite (mineral)
bosnuminta,pecoraite (mineral)
pardipinta,pectolite (mineral)
zagrolinta,pelagosite (mineral)
rihoftinta,penikisite (mineral)
xiguqkinta,penroseite (mineral)
foblisinta,pentagonite (mineral)
xarzizinta,pentlandite (mineral)
zesraxinta,perhamite (mineral)
saroskinta,periclase (mineral)
kibraxinta,pericline (mineral)
kurziginta,peridot (mineral)
maltesinta,perite (mineral)
wosnuvinta,perlite (mineral)
zuxininta,perovskite (mineral)
diwardinta,petalite (mineral)
dasugzinta,petzite (mineral)
vrabavinta,pezzottaite (mineral)
donzofinta,pharmacolite (mineral)
toplapinta,pharmacosiderite (mineral)
yezdavinta,phenakite (mineral)
seklaginta,phengite (mineral)
wudraxinta,phillipsite (mineral)
sulusinta,phlogopite (mineral)
xmegokinta,phoenicochroite (mineral)
baluminta,phosgenite (mineral)
ranuzdinta,phosphophyllite (mineral)
laftifinta,phosphorite (mineral)
loludinta,phosphosiderite (mineral)
sesmabinta,phosphuranylite (mineral)
zigzoginta,pickeringite (mineral)
pardapinta,picropharmacolite (mineral)
vadrozinta,piemontite (mineral)
yuklarinta,pigeonite (mineral)
smanebinta,pimelite (mineral)
sloreminta,pinalite (mineral)
xugloxinta,pinnoite (mineral)
kupreqinta,pitchblende (mineral)
fukroginta,piypite (mineral)
xeguskinta,plagioclase (mineral)
bofarzinta,plancheite (mineral)
tredezinta,platinum (mineral)
kuvuskinta,plattnerite (mineral)
dedribinta,playfairite (mineral)
nidispinta,plessite (mineral)
mekurtinta,plumbogummite (mineral)
nikaxinta,polarite (mineral)
ninumzinta,pollucite (mineral)
xumzokinta,polybasite (mineral)
nesaskinta,polycrase (mineral)
tosnopinta,polydymite (mineral)
busmafinta,polyhalite (mineral)
bikuzinta,portlandite (mineral)
wovirpinta,posnjakite (mineral)
difisinta,potassium alum (mineral)
limzabinta,poudretteite (mineral)
bulzodinta,povondraite (mineral)
dendeminta,powellite (mineral)
vixorzinta,prehnite (mineral)
ruwitxinta,proustite (mineral)
muslarinta,pseudobrookite (mineral)
spoqiginta,pseudomalachite (mineral)
napredinta,pseudowollastonite (mineral)
tatimzinta,pumpellyite (mineral)
riglubinta,purpurite (mineral)
guzininta,putnisite (mineral)
spafalinta,pyrargyrite (mineral)
xevusinta,pyrite (mineral)
gakefkinta,pyrochlore (mineral)
yutxazinta,pyrolusite (mineral)
yerpazinta,pyromorphite (mineral)
higzalinta,pyrope (mineral)
bevroginta,pyrophanite (mineral)
bruxukinta,pyrophyllite (mineral)
ziqatxinta,pyroxene (mineral)
waralpinta,pyroxferroite (mineral)
tipebinta,pyroxmangite (mineral)
yugusinta,pyrrhotite (mineral)
plequvinta,pääkkönenite (mineral)
motreginta,qingsongite (mineral)
prumeminta,quartz (mineral)
srudirinta,quenstedtite (mineral)
vundukinta,quetzalcoatlite (mineral)
klaraqinta,quintinite (mineral)
yirodinta,qusongite (mineral)
meflarinta,rakovanite (mineral)
raplaninta,rambergite (mineral)
veyukinta,rameauite (mineral)
vuklodinta,rammelsbergite (mineral)
peblepinta,rapidcreekite (mineral)
yowabinta,rashleighite (mineral)
movrazinta,raslakite (mineral)
lufradinta,raspite (mineral)
sosininta,rastsvetaevite (mineral)
nohaftinta,realgar (mineral)
horperinta,reederite-(y) (mineral)
luqkubinta,reedmergnerite (mineral)
refedinta,reidite (mineral)
vraxoninta,reinerite (mineral)
gegzoxinta,renierite (mineral)
klibekinta,rheniite (mineral)
gerzaxinta,rhodium (mineral)
vespuzinta,rhodochrosite (mineral)
wobleginta,rhodolite (mineral)
fewastinta,rhodonite (mineral)
keslazinta,rhodplumsite (mineral)
hadobinta,rhomboclase (mineral)
xmufuninta,richterite (mineral)
xekroninta,rickardite (mineral)
sismolinta,riebeckite (mineral)
muberpinta,ringwoodite (mineral)
zugistinta,roaldite (mineral)
kiflazinta,robertsite (mineral)
gesloqinta,rock crystal (mineral)
yofrexinta,rodalquilarite (mineral)
nahurzinta,romanèchite (mineral)
hesreminta,romeite (mineral)
ruhuninta,rosasite (mineral)
noyikinta,roscoelite (mineral)
vokrulinta,rose quartz (mineral)
zoplavinta,roselite (mineral)
glafaninta,rosenbergite (mineral)
bruzoqinta,rosickýite (mineral)
havuginta,roumanite (mineral)
mastudinta,routhierite (mineral)
pudrotinta,rozenite (mineral)
swarisinta,rubicline (mineral)
klinoxinta,ruby (mineral)
zuveftinta,ruizite (mineral)
feruqkinta,russellite (mineral)
morpesinta,ruthenium (mineral)
naglaminta,rutherfordine (mineral)
losnesinta,rutile (mineral)
trevuninta,rynersonite (mineral)
braqokinta,sabatierite (mineral)
kabrozinta,sabieite (mineral)
ralpudinta,sabinaite (mineral)
lomebinta,sacrofanite (mineral)
hasmiminta,safflorite (mineral)
lurzurinta,sal ammoniac (mineral)
yorzikinta,saleeite (mineral)
bumoninta,saliotite (mineral)
yavegzinta,salzburgite (mineral)
yariginta,samarskite-(y) (mineral)
dabisinta,sampleite (mineral)
suyekinta,samsonite (mineral)
flebusinta,samuelsonite (mineral)
brisulinta,sanbornite (mineral)
sunzeninta,saneroite (mineral)
nefiftinta,sanidine (mineral)
yipreqinta,santabarbaraite (mineral)
vemizinta,santite (mineral)
deraskinta,saponite (mineral)
fibaqkinta,sapphire (mineral)
yumzikinta,sapphirine (mineral)
lebomzinta,sarabauite (mineral)
bleseninta,sarcolite (mineral)
tasnetinta,sard (mineral)
dezdesinta,sarkinite (mineral)
smevevinta,sassolite (mineral)
twefarinta,satinspar (mineral)
fifkabinta,satterlyite (mineral)
blaziqinta,sauconite (mineral)
kokurinta,sborgite (mineral)
surtexinta,scapolite (mineral)
voqaspinta,scheelite (mineral)
yuyulpinta,schizolite (mineral)
wuxirtinta,schmiederite (mineral)
blagavinta,schoepite (mineral)
xmibeminta,schorl (mineral)
musoqkinta,schreibersite (mineral)
kaklolinta,schreyerite (mineral)
segreqinta,schröckingerite (mineral)
rowolzinta,schwertmannite (mineral)
kandozinta,schäferite (mineral)
bomarzinta,scolecite (mineral)
noblulinta,scorodite (mineral)
baprolinta,scorzalite (mineral)
nohazdinta,scrutinyite (mineral)
riqkofinta,seamanite (mineral)
kaqutxinta,searlesite (mineral)
kaflakinta,seeligerite (mineral)
bizevinta,segelerite (mineral)
flaqaqinta,seifertite (mineral)
bifagzinta,sekaninaite (mineral)
ramegzinta,selenite (mineral)
rosmerinta,selenium (mineral)
sismirinta,seligmannite (mineral)
yeveskinta,sellaite (mineral)
beplirinta,semseyite (mineral)
luglefinta,senarmontite (mineral)
himibinta,sepiolite (mineral)
hihumzinta,serendibite (mineral)
srequginta,serpentine group (mineral)
ramdobinta,serpierite (mineral)
roskarinta,sewardite (mineral)
nurpesinta,shandite (mineral)
yegumdinta,shattuckite (mineral)
fafurdinta,shigaite (mineral)
vagzavinta,shortite (mineral)
renzominta,siderite (mineral)
zismakinta,siderophyllite (mineral)
holarpinta,siderotil (mineral)
wuxurdinta,siegenite (mineral)
xiskovinta,silicate perovskite (mineral)
yuzufinta,silicon (mineral)
pesrepinta,sillimanite (mineral)
tispopinta,silver (mineral)
visexinta,simetite (mineral)
xakarzinta,simonellite (mineral)
fardubinta,simpsonite (mineral)
sefkuminta,sincosite (mineral)
nupruminta,sinkankasite (mineral)
nayozinta,sinoite (mineral)
larzudinta,skaergaardite (mineral)
lesnoninta,sklodowskite (mineral)
trigalinta,skutterudite (mineral)
nifeqkinta,smaltite (mineral)
txadebinta,smectite (mineral)
yuzalpinta,smithsonite (mineral)
goxundinta,smoky quartz (mineral)
trixifinta,soda niter (mineral)
hurzadinta,sodalite (mineral)
baglininta,soddyite (mineral)
gakegzinta,sonolite (mineral)
noblosinta,spectrolite (mineral)
sosegzinta,sperrylite (mineral)
liskininta,spertiniite (mineral)
xuxagzinta,spessartine (mineral)
fuprolinta,spessartite (mineral)
siniminta,sphalerite (mineral)
flavuvinta,sphene (mineral)
twasasinta,spherocobaltite (mineral)
kirzezinta,spinel (mineral)
xinevinta,spodumene (mineral)
gaxurdinta,spurrite (mineral)
suharpinta,stannite (mineral)
deyeginta,stannoidite (mineral)
mulazdinta,stantienite (mineral)
snufofinta,staurolite (mineral)
nisradinta,steacyite (mineral)
wesmizinta,stellerite (mineral)
blebininta,stephanite (mineral)
rakrixinta,stercorite (mineral)
barezdinta,stibarsen (mineral)
fubenzinta,stibiconite (mineral)
dalistinta,stibiopalladinite (mineral)
voxirinta,stibnite (mineral)
zugluvinta,stichtite (mineral)
fezdaninta,stilbite (mineral)
titulinta,stilleite (mineral)
zesnevinta,stillwaterite (mineral)
nudorpinta,stillwellite-(ce) (mineral)
hiklokinta,stilpnomelane (mineral)
kavruninta,stishovite (mineral)
vruxufinta,stolzite (mineral)
monenzinta,strashimirite (mineral)
derofkinta,strengite (mineral)
pimdapinta,stromeyerite (mineral)
simisinta,strontianite (mineral)
hustininta,struvite (mineral)
xuvazdinta,studenitsite (mineral)
bafutxinta,studtite (mineral)
ronzirinta,sturmanite (mineral)
drapapinta,stützite (mineral)
newostinta,suanite (mineral)
klagabinta,suessite (mineral)
koqkeqinta,sugilite (mineral)
legikinta,sulfur (mineral)
sweqibinta,sunstone (mineral)
dastibinta,sursassite (mineral)
sahurpinta,susannite (mineral)
muxmirinta,sussexite (mineral)
lesispinta,svanbergite (mineral)
lenirdinta,sweetite (mineral)
bradabinta,switzerite (mineral)
vastoxinta,sylvanite (mineral)
xufkixinta,sylvite (mineral)
nubisinta,synchysite-(ce) (mineral)
rusliminta,syngenite (mineral)
buqkifinta,sérandite (mineral)
xmitapinta,taaffeite (mineral)
vigondinta,tachyhydrite (mineral)
huluqkinta,taenite (mineral)
rebledinta,taikanite (mineral)
huskurinta,talc (mineral)
bimardinta,talmessite (mineral)
nesmaminta,talnakhite (mineral)
xezuminta,tamarugite (mineral)
sidrasinta,tangeite (mineral)
mubufkinta,tantalite (mineral)
wamdivinta,tantite (mineral)
xarpevinta,tanzanite (mineral)
pesnetinta,tapiolite (mineral)
pofripinta,taranakite (mineral)
trefazinta,tarapacaite (mineral)
ramasinta,tarbuttite (mineral)
maslaninta,tausonite (mineral)
txadolinta,teallite (mineral)
klegeminta,tellurite (mineral)
siweminta,tellurium (mineral)
pipafinta,tellurobismuthite (mineral)
kixurpinta,temagamite (mineral)
notxesinta,tennantite (mineral)
savriqinta,tenorite (mineral)
gosnuvinta,tephroite (mineral)
rofluminta,terlinguaite (mineral)
zastaginta,teruggite (mineral)
dinimdinta,tetradymite (mineral)
guxurdinta,tetrahedrite (mineral)
dundubinta,tetrataenite (mineral)
nisrominta,thaumasite (mineral)
vrodivinta,thenardite (mineral)
xuwalzinta,thermonatrite (mineral)
luqkabinta,thiospinel group (mineral)
foxmibinta,thomasclarkite-(y) (mineral)
nuglesinta,thomsenolite (mineral)
brukekinta,thomsonite (mineral)
vazdekinta,thorianite (mineral)
blapetinta,thorite (mineral)
guvosinta,thortveitite (mineral)
semzibinta,thulite (mineral)
guluxinta,thuringite (mineral)
xiyarzinta,tiemannite (mineral)
logzudinta,tienshanite (mineral)
yefkivinta,tin (mineral)
libulpinta,tinaksite (mineral)
fifkorinta,tincalconite (mineral)
fivrekinta,titanite (mineral)
bahugzinta,titanium (mineral)
smakikinta,titanowodginite (mineral)
bogizinta,tobermorite (mineral)
tetarinta,todorokite (mineral)
huspuminta,tokyoite (mineral)
zeyundinta,tongbaite (mineral)
vaskaqinta,topaz (mineral)
naflarinta,torbernite (mineral)
txofominta,tourmaline (mineral)
banarzinta,tranquillityite (mineral)
duwerinta,travertine (mineral)
bufubinta,tremolite (mineral)
feritxinta,trevorite (mineral)
zozemdinta,tridymite (mineral)
yurdozinta,triphylite (mineral)
sroqozinta,triplite (mineral)
nusteninta,triploidite (mineral)
dodofkinta,tripuhyite (mineral)
popastinta,troilite (mineral)
festalinta,trona (mineral)
rasraninta,tsavorite (mineral)
furudinta,tschermakite (mineral)
hamugzinta,tschermigite (mineral)
wobraginta,tsumcorite (mineral)
papaqkinta,tsumebite (mineral)
plalufinta,tugtupite (mineral)
digzininta,tungsten (mineral)
waglaqinta,tungstite (mineral)
basporinta,tuperssuatsiaite (mineral)
smasofinta,turquoise (mineral)
yuvudinta,tusionite (mineral)
seprusinta,tyrolite (mineral)
drabubinta,tyrrellite (mineral)
senzolinta,tyuyamunite (mineral)
nefuqkinta,uchucchacuaite (mineral)
nihoqkinta,uklonskovite (mineral)
kanavinta,ulexite (mineral)
bogliminta,ullmannite (mineral)
zakorinta,ulrichite (mineral)
bendafinta,ultramarine (mineral)
yuqenzinta,ulvöspinel (mineral)
mudertinta,umangite (mineral)
yordizinta,umbite (mineral)
zublevinta,upalite (mineral)
deflaminta,uralite (mineral)
vredaxinta,uraninite (mineral)
brumasinta,uranocircite (mineral)
xakrudinta,uranophane (mineral)
simudinta,uranopilite (mineral)
grogefinta,urea (mineral)
kowuspinta,uricite (mineral)
fadrulinta,urusovite (mineral)
rograxinta,ussingite (mineral)
gladuminta,utahite (mineral)
sifrifinta,uvarovite (mineral)
subleminta,uytenbogaardtite (mineral)
txogoxinta,vaesite (mineral)
zonzoginta,valentinite (mineral)
befoftinta,valleriite (mineral)
gruxaminta,vanadinite (mineral)
roplafinta,vanadiocarpholite (mineral)
rehubinta,vanadium (mineral)
yebrakinta,vandenbrandeite (mineral)
sneveqinta,vantasselite (mineral)
doplabinta,vanuralite (mineral)
snupitinta,variscite (mineral)
yugzazinta,vaterite (mineral)
bemolzinta,vauquelinite (mineral)
krugirinta,vauxite (mineral)
hufaminta,veatchite (mineral)
dubefkinta,vermiculite (mineral)
yosloginta,vesuvianite (mineral)
fetxasinta,villiaumite (mineral)
niderzinta,violarite (mineral)
dumustinta,vishnevite (mineral)
kohurtinta,vivianite (mineral)
yerzazinta,vladimirite (mineral)
fudurpinta,vlasovite (mineral)
seneminta,volborthite (mineral)
soregzinta,vuagnatite (mineral)
danutxinta,vulcanite (mineral)
honalinta,wadsleyite (mineral)
mabeninta,wagnerite (mineral)
himimdinta,wairakite (mineral)
levroginta,wakabayashilite (mineral)
fradosinta,wakefieldite (mineral)
mezuginta,walfordite (mineral)
liwifkinta,wardite (mineral)
sazduninta,warikahnite (mineral)
dimistinta,warwickite (mineral)
hagezinta,wassonite (mineral)
zumzaqinta,water (mineral)
slefifinta,wattersite (mineral)
gordevinta,wavellite (mineral)
plufuminta,weddellite (mineral)
kiprixinta,weeksite (mineral)
xmefoninta,weilite (mineral)
sazdadinta,weissite (mineral)
bidudinta,weloganite (mineral)
luhorzinta,whewellite (mineral)
bifloninta,whiteite (mineral)
mololtinta,whitlockite (mineral)
wekroninta,willemite (mineral)
gikirzinta,wiluite (mineral)
rulpasinta,witherite (mineral)
difolzinta,wodginite (mineral)
fukizinta,wolframite (mineral)
xuxaspinta,wollastonite (mineral)
sublininta,woodhouseite (mineral)
bavezinta,wulfenite (mineral)
gevuninta,wurtzite (mineral)
hofkominta,wyartite (mineral)
krikoninta,wöhlerite (mineral)
vistuqinta,wüstite (mineral)
fugaginta,xanthiosite (mineral)
krasixinta,xanthoconite (mineral)
pletetinta,xanthoxenite (mineral)
laspabinta,xenophyllite (mineral)
yablovinta,xenotime (mineral)
goxolpinta,xiangjiangite (mineral)
hixaginta,xieite (mineral)
femdasinta,xifengite (mineral)
lemurinta,xilingolite (mineral)
fabigzinta,ximengite (mineral)
kekaskinta,xingzhongite (mineral)
fasmafinta,xitieshanite (mineral)
xogistinta,xocolatlite (mineral)
vesokinta,xocomecatlite (mineral)
vuxalzinta,xonotlite (mineral)
wolzazinta,ye'elimite (mineral)
xugoskinta,yingjiangite (mineral)
rutxurinta,yttrialite (mineral)
snizuvinta,yttrocerite (mineral)
xetrefinta,yttrocolumbite (mineral)
mahufinta,yttrogummite (mineral)
vezdikinta,yttropyrochlore-(y) (mineral)
nuyivinta,yuksporite (mineral)
xaqunzinta,zabuyelite (mineral)
yutxaqinta,zaccagnaite (mineral)
runabinta,zaherite (mineral)
diglubinta,zajacite-(ce) (mineral)
riblarinta,zakharovite (mineral)
brevezinta,zanazziite (mineral)
sostasinta,zaratite (mineral)
yaftikinta,zaïrite (mineral)
vitrosinta,zektzerite (mineral)
famatxinta,zellerite (mineral)
dreqixinta,zemannite (mineral)
zixeminta,zeolite (mineral)
bestorinta,zeunerite (mineral)
dorpusinta,zhanghengite (mineral)
nugoginta,zhangpeishanite (mineral)
fiklixinta,zharchikhite (mineral)
tepeninta,zhemchuzhnikovite (mineral)
nanorinta,zhonghuacerite-(ce) (mineral)
slopetinta,ziesite (mineral)
bluvixinta,zimbabweite (mineral)
domigzinta,zinalsite (mineral)
loglesinta,zincite (mineral)
xigzozinta,zinclipscombite (mineral)
hikikinta,zincmelanterite (mineral)
mesloninta,zincobotryogen (mineral)
smeruminta,zincochromite (mineral)
kifkovinta,zincolivenite (mineral)
nezdorinta,zinkenite (mineral)
fivurtinta,zinnwaldite (mineral)
kralizinta,zippeite (mineral)
bamduminta,zircon (mineral)
veheginta,zirconolite (mineral)
soretxinta,zircophyllite (mineral)
smibiminta,zirkelite (mineral)
yiveminta,znucalite (mineral)
dromominta,zoisite (mineral)
ralolinta,zorite (mineral)
notrekinta,zunyite (mineral)
zufrekinta,zussmanite (mineral)
xawutxinta,zykaite (mineral)
nobledinta,åkermanite (mineral)
